{
	"textures": {
		"0": "texture1_pris",
		"1": "texture2_pris_e",
		"3": "texture4_pris_e",
		"4": "texture3_pris",
		"particle": "texture1_pris"
	},
	"elements": [
		{
			"from": [5.5, 3, 8.5],
			"to": [10.5, 8, 10.5],
			"rotation": {"angle": 0, "axis": "y", "origin": [7, 6, 7.5]},
			"faces": {
				"north": {"uv": [5, 5, 0, 0], "rotation": 90, "texture": "#4"},
				"east": {"uv": [5, 4, 10, 6], "rotation": 90, "texture": "#4"},
				"south": {"uv": [5, 5, 0, 10], "rotation": 90, "texture": "#4"},
				"west": {"uv": [5, 0, 10, 2], "rotation": 270, "texture": "#4"},
				"up": {"uv": [5, 6, 10, 8], "texture": "#4"},
				"down": {"uv": [5, 2, 10, 4], "rotation": 180, "texture": "#4"}
			}
		},
		{
			"from": [6, 3.5, 7.5],
			"to": [10, 7.5, 8.5],
			"light_emission": 15,
			"rotation": {"angle": 0, "axis": "y", "origin": [7.5, 5.5, 8.5]},
			"faces": {
				"north": {"uv": [4, 4, 0, 0], "rotation": 90, "texture": "#missing"},
				"east": {"uv": [4, 2, 8, 3], "rotation": 90, "texture": "#1"},
				"south": {"uv": [4, 4, 0, 8], "rotation": 90, "texture": "#missing"},
				"west": {"uv": [4, 0, 8, 1], "rotation": 270, "texture": "#1"},
				"up": {"uv": [4, 3, 8, 4], "texture": "#1"},
				"down": {"uv": [4, 1, 8, 2], "rotation": 180, "texture": "#1"}
			}
		},
		{
			"from": [5.5, 3, 3.5],
			"to": [10.5, 8, 7.5],
			"rotation": {"angle": 0, "axis": "y", "origin": [7, 6, 7.5]},
			"faces": {
				"north": {"uv": [5, 5, 0, 0], "rotation": 90, "texture": "#0"},
				"east": {"uv": [5, 8, 10, 12], "rotation": 90, "texture": "#0"},
				"south": {"uv": [5, 5, 0, 10], "rotation": 90, "texture": "#0"},
				"west": {"uv": [5, 0, 10, 4], "rotation": 270, "texture": "#0"},
				"up": {"uv": [0, 10, 5, 14], "texture": "#0"},
				"down": {"uv": [5, 4, 10, 8], "rotation": 180, "texture": "#0"}
			}
		},
		{
			"from": [5.5, 7, 4.5],
			"to": [6.5, 8, 5.5],
			"light_emission": 15,
			"rotation": {"angle": 0, "axis": "y", "origin": [5.5, 7, 4.5]},
			"faces": {
				"north": {"uv": [0, 0, 1, 1], "texture": "#3"},
				"east": {"uv": [0, 0, 1, 1], "texture": "#3"},
				"south": {"uv": [0, 0, 1, 1], "texture": "#3"},
				"west": {"uv": [0, 0, 1, 1], "texture": "#3"},
				"up": {"uv": [0, 0, 1, 1], "texture": "#3"},
				"down": {"uv": [0, 0, 1, 1], "texture": "#3"}
			}
		},
		{
			"from": [7.5, 7, 4.5],
			"to": [8.5, 8, 5.5],
			"light_emission": 15,
			"rotation": {"angle": 0, "axis": "y", "origin": [7.5, 7, 4.5]},
			"faces": {
				"north": {"uv": [0, 0, 1, 1], "texture": "#3"},
				"east": {"uv": [0, 0, 1, 1], "texture": "#3"},
				"south": {"uv": [0, 0, 1, 1], "texture": "#3"},
				"west": {"uv": [0, 0, 1, 1], "texture": "#3"},
				"up": {"uv": [0, 0, 1, 1], "texture": "#3"},
				"down": {"uv": [0, 0, 1, 1], "texture": "#3"}
			}
		},
		{
			"from": [9.5, 7, 4.5],
			"to": [10.5, 8, 5.5],
			"light_emission": 15,
			"rotation": {"angle": 0, "axis": "y", "origin": [9.5, 7, 4.5]},
			"faces": {
				"north": {"uv": [0, 0, 1, 1], "texture": "#3"},
				"east": {"uv": [0, 0, 1, 1], "texture": "#3"},
				"south": {"uv": [0, 0, 1, 1], "texture": "#3"},
				"west": {"uv": [0, 0, 1, 1], "texture": "#3"},
				"up": {"uv": [0, 0, 1, 1], "texture": "#3"},
				"down": {"uv": [0, 0, 1, 1], "texture": "#3"}
			}
		}
	],
	"display": {
		"thirdperson_righthand": {
			"translation": [0, 0.75, 4.25],
			"scale": [1.125, 1.125, 1.125]
		},
		"thirdperson_lefthand": {
			"translation": [0, 0.75, 0],
			"scale": [1.175, 1.175, 1]
		},
		"firstperson_righthand": {
			"rotation": [34, 0, 0],
			"translation": [0, 1.75, 0]
		},
		"firstperson_lefthand": {
			"rotation": [34, 0, 0],
			"translation": [0, 1.75, 0]
		},
		"ground": {
			"rotation": [90, 0, 0],
			"translation": [0, 0, 2]
		},
		"gui": {
			"rotation": [90, 0, 0],
			"translation": [0, -1.5, 0],
			"scale": [2, 1, 2]
		},
		"fixed": {
			"rotation": [90, 0, 0],
			"translation": [0, -1.5, 0],
			"scale": [2.25, 1, 2.25]
		}
	}
}