{
	"textures": {
		"1": "texture_amu1",
		"2": "texture_amu2",
		"3": "texture_amu3",
		"4": "texture_amu4",
		"5": "texture_amu5",
		"6": "texture_amu6",
		"7": "texture_amu7",
		"8": "texture_amu8",
		"9": "texture_amu9",
		"particle": "texture_amu1"
	},
	"elements": [
		{
			"from": [7, -0.5, 7],
			"to": [9, 1.25, 9],
			"rotation": {"angle": 0, "axis": "y", "origin": [7, 0, 7]},
			"faces": {
				"north": {"uv": [4, 0, 8, 3.5], "texture": "#1"},
				"east": {"uv": [4, 4, 8, 7.5], "texture": "#1"},
				"south": {"uv": [0, 8, 4, 11.5], "texture": "#1"},
				"west": {"uv": [8, 0, 12, 3.5], "texture": "#1"},
				"up": {"uv": [4, 4, 0, 0], "texture": "#1"},
				"down": {"uv": [4, 4, 0, 8], "texture": "#1"}
			}
		},
		{
			"from": [11, -0.25, 7.25],
			"to": [11.5, 1, 8.75],
			"rotation": {"angle": 0, "axis": "y", "origin": [11, 0, 7]},
			"faces": {
				"north": {"uv": [12, 0, 14, 5], "texture": "#4"},
				"east": {"uv": [0, 0, 6, 5], "texture": "#4"},
				"south": {"uv": [12, 8, 14, 13], "texture": "#4"},
				"west": {"uv": [0, 8, 6, 13], "texture": "#4"},
				"up": {"uv": [10, 6, 8, 0], "texture": "#4"},
				"down": {"uv": [10, 8, 8, 14], "texture": "#4"}
			}
		},
		{
			"from": [4.5, -0.25, 7.25],
			"to": [5, 1, 8.75],
			"rotation": {"angle": 0, "axis": "y", "origin": [4.5, 0, 7]},
			"faces": {
				"north": {"uv": [12, 0, 14, 5], "texture": "#4"},
				"east": {"uv": [0, 0, 6, 5], "texture": "#4"},
				"south": {"uv": [12, 8, 14, 13], "texture": "#4"},
				"west": {"uv": [0, 8, 6, 13], "texture": "#4"},
				"up": {"uv": [10, 6, 8, 0], "texture": "#4"},
				"down": {"uv": [10, 8, 8, 14], "texture": "#4"}
			}
		},
		{
			"from": [7.25, -0.25, 4.5],
			"to": [8.75, 1, 5],
			"rotation": {"angle": 0, "axis": "y", "origin": [9, 0, 4.5]},
			"faces": {
				"north": {"uv": [0, 0, 6, 5], "texture": "#3"},
				"east": {"uv": [8, 8, 10, 13], "texture": "#3"},
				"south": {"uv": [0, 8, 6, 13], "texture": "#3"},
				"west": {"uv": [12, 8, 14, 13], "texture": "#3"},
				"up": {"uv": [14, 2, 8, 0], "texture": "#3"},
				"down": {"uv": [14, 4, 8, 6], "texture": "#3"}
			}
		},
		{
			"from": [7.25, -0.25, 11],
			"to": [8.75, 1, 11.5],
			"rotation": {"angle": 0, "axis": "y", "origin": [9, 0, 11]},
			"faces": {
				"north": {"uv": [0, 0, 6, 5], "texture": "#3"},
				"east": {"uv": [8, 8, 10, 13], "texture": "#3"},
				"south": {"uv": [0, 8, 6, 13], "texture": "#3"},
				"west": {"uv": [12, 8, 14, 13], "texture": "#3"},
				"up": {"uv": [14, 2, 8, 0], "texture": "#3"},
				"down": {"uv": [14, 4, 8, 6], "texture": "#3"}
			}
		},
		{
			"from": [11.5, -0.25, 7.75],
			"to": [12, 1, 8.25],
			"rotation": {"angle": 0, "axis": "y", "origin": [11.75, 0, 7.25]},
			"faces": {
				"north": {"uv": [0, 0, 2, 5], "texture": "#5"},
				"east": {"uv": [4, 0, 6, 5], "texture": "#5"},
				"south": {"uv": [0, 8, 2, 13], "texture": "#5"},
				"west": {"uv": [8, 0, 10, 5], "texture": "#5"},
				"up": {"uv": [6, 10, 4, 8], "texture": "#5"},
				"down": {"uv": [10, 8, 8, 10], "texture": "#5"}
			}
		},
		{
			"from": [4, -0.25, 7.75],
			"to": [4.5, 1, 8.25],
			"rotation": {"angle": 0, "axis": "y", "origin": [4.25, 0, 7.25]},
			"faces": {
				"north": {"uv": [0, 0, 2, 5], "texture": "#5"},
				"east": {"uv": [4, 0, 6, 5], "texture": "#5"},
				"south": {"uv": [0, 8, 2, 13], "texture": "#5"},
				"west": {"uv": [8, 0, 10, 5], "texture": "#5"},
				"up": {"uv": [6, 10, 4, 8], "texture": "#5"},
				"down": {"uv": [10, 8, 8, 10], "texture": "#5"}
			}
		},
		{
			"from": [7.75, -0.25, 4],
			"to": [8.25, 1, 4.5],
			"rotation": {"angle": 0, "axis": "y", "origin": [8, 0, 3.5]},
			"faces": {
				"north": {"uv": [0, 0, 2, 5], "texture": "#5"},
				"east": {"uv": [4, 0, 6, 5], "texture": "#5"},
				"south": {"uv": [0, 8, 2, 13], "texture": "#5"},
				"west": {"uv": [8, 0, 10, 5], "texture": "#5"},
				"up": {"uv": [6, 10, 4, 8], "texture": "#5"},
				"down": {"uv": [10, 8, 8, 10], "texture": "#5"}
			}
		},
		{
			"from": [7.75, -0.25, 11.5],
			"to": [8.25, 1, 12],
			"rotation": {"angle": 0, "axis": "y", "origin": [8, 0, 11]},
			"faces": {
				"north": {"uv": [0, 0, 2, 5], "texture": "#5"},
				"east": {"uv": [4, 0, 6, 5], "texture": "#5"},
				"south": {"uv": [0, 8, 2, 13], "texture": "#5"},
				"west": {"uv": [8, 0, 10, 5], "texture": "#5"},
				"up": {"uv": [6, 10, 4, 8], "texture": "#5"},
				"down": {"uv": [10, 8, 8, 10], "texture": "#5"}
			}
		},
		{
			"from": [8.75, -0.25, 8.75],
			"to": [9.5, 1, 11.5],
			"rotation": {"angle": 0, "axis": "y", "origin": [9.25, 0, 8.5]},
			"faces": {
				"north": {"uv": [0, 8, 1.5, 10.5], "texture": "#2"},
				"east": {"uv": [0, 0, 5.5, 2.5], "texture": "#2"},
				"south": {"uv": [8, 0, 9.5, 2.5], "texture": "#2"},
				"west": {"uv": [0, 4, 5.5, 6.5], "texture": "#2"},
				"up": {"uv": [7.5, 5.5, 6, 0], "texture": "#2"},
				"down": {"uv": [7.5, 6, 6, 11.5], "texture": "#2"}
			}
		},
		{
			"from": [5.25, -0.25, 8.75],
			"to": [6.5, 1, 10.75],
			"rotation": {"angle": 0, "axis": "y", "origin": [6.25, 0, 8.5]},
			"faces": {
				"north": {"uv": [0, 8, 2.5, 10.5], "texture": "#2"},
				"east": {"uv": [0, 0, 4, 2.5], "texture": "#2"},
				"south": {"uv": [8, 0, 10.5, 2.5], "texture": "#2"},
				"west": {"uv": [0, 4, 4, 6.5], "texture": "#2"},
				"up": {"uv": [6.5, 4, 4, 0], "texture": "#2"},
				"down": {"uv": [6.5, 4, 4, 8], "texture": "#2"}
			}
		},
		{
			"from": [6.5, -0.25, 8.75],
			"to": [7.25, 1, 11.5],
			"rotation": {"angle": 0, "axis": "y", "origin": [7, 0, 8.5]},
			"faces": {
				"north": {"uv": [0, 8, 1.5, 10.5], "texture": "#2"},
				"east": {"uv": [0, 0, 5.5, 2.5], "texture": "#2"},
				"south": {"uv": [8, 0, 9.5, 2.5], "texture": "#2"},
				"west": {"uv": [0, 4, 5.5, 6.5], "texture": "#2"},
				"up": {"uv": [7.5, 5.5, 6, 0], "texture": "#2"},
				"down": {"uv": [7.5, 6, 6, 11.5], "texture": "#2"}
			}
		},
		{
			"from": [4.5, -0.25, 8.75],
			"to": [7.25, 1, 9.5],
			"rotation": {"angle": 0, "axis": "y", "origin": [7.5, 0, 9.25]},
			"faces": {
				"north": {"uv": [0, 0, 5.5, 2.5], "texture": "#2"},
				"east": {"uv": [6, 4, 7.5, 6.5], "texture": "#2"},
				"south": {"uv": [0, 4, 5.5, 6.5], "texture": "#2"},
				"west": {"uv": [0, 8, 1.5, 10.5], "texture": "#2"},
				"up": {"uv": [11.5, 1.5, 6, 0], "texture": "#2"},
				"down": {"uv": [11.5, 2, 6, 3.5], "texture": "#2"}
			}
		},
		{
			"from": [9.5, -0.25, 5.25],
			"to": [10.75, 1, 7.25],
			"rotation": {"angle": 0, "axis": "y", "origin": [9.75, 0, 7.5]},
			"faces": {
				"north": {"uv": [0, 8, 2.5, 10.5], "texture": "#2"},
				"east": {"uv": [0, 0, 4, 2.5], "texture": "#2"},
				"south": {"uv": [8, 0, 10.5, 2.5], "texture": "#2"},
				"west": {"uv": [0, 4, 4, 6.5], "texture": "#2"},
				"up": {"uv": [6.5, 4, 4, 0], "texture": "#2"},
				"down": {"uv": [6.5, 4, 4, 8], "texture": "#2"}
			}
		},
		{
			"from": [8.75, -0.25, 4.5],
			"to": [9.5, 1, 7.25],
			"rotation": {"angle": 0, "axis": "y", "origin": [9, 0, 7.5]},
			"faces": {
				"north": {"uv": [0, 8, 1.5, 10.5], "texture": "#2"},
				"east": {"uv": [0, 0, 5.5, 2.5], "texture": "#2"},
				"south": {"uv": [8, 0, 9.5, 2.5], "texture": "#2"},
				"west": {"uv": [0, 4, 5.5, 6.5], "texture": "#2"},
				"up": {"uv": [7.5, 5.5, 6, 0], "texture": "#2"},
				"down": {"uv": [7.5, 6, 6, 11.5], "texture": "#2"}
			}
		},
		{
			"from": [8.75, -0.25, 6.5],
			"to": [11.5, 1, 7.25],
			"rotation": {"angle": 0, "axis": "y", "origin": [8.5, 0, 6.75]},
			"faces": {
				"north": {"uv": [0, 0, 5.5, 2.5], "texture": "#2"},
				"east": {"uv": [6, 4, 7.5, 6.5], "texture": "#2"},
				"south": {"uv": [0, 4, 5.5, 6.5], "texture": "#2"},
				"west": {"uv": [0, 8, 1.5, 10.5], "texture": "#2"},
				"up": {"uv": [11.5, 1.5, 6, 0], "texture": "#2"},
				"down": {"uv": [11.5, 2, 6, 3.5], "texture": "#2"}
			}
		},
		{
			"from": [4.5, -0.25, 6.5],
			"to": [7.25, 1, 7.25],
			"rotation": {"angle": 0, "axis": "y", "origin": [7.5, 0, 7]},
			"faces": {
				"north": {"uv": [0, 0, 5.5, 2.5], "texture": "#2"},
				"east": {"uv": [6, 4, 7.5, 6.5], "texture": "#2"},
				"south": {"uv": [0, 4, 5.5, 6.5], "texture": "#2"},
				"west": {"uv": [0, 8, 1.5, 10.5], "texture": "#2"},
				"up": {"uv": [11.5, 1.5, 6, 0], "texture": "#2"},
				"down": {"uv": [11.5, 2, 6, 3.5], "texture": "#2"}
			}
		},
		{
			"from": [5.25, -0.25, 5.25],
			"to": [7.25, 1, 6.5],
			"rotation": {"angle": 0, "axis": "y", "origin": [7.5, 0, 6.25]},
			"faces": {
				"north": {"uv": [0, 0, 4, 2.5], "texture": "#2"},
				"east": {"uv": [0, 8, 2.5, 10.5], "texture": "#2"},
				"south": {"uv": [0, 4, 4, 6.5], "texture": "#2"},
				"west": {"uv": [8, 0, 10.5, 2.5], "texture": "#2"},
				"up": {"uv": [8, 2.5, 4, 0], "texture": "#2"},
				"down": {"uv": [8, 4, 4, 6.5], "texture": "#2"}
			}
		},
		{
			"from": [6.5, -0.25, 4.5],
			"to": [7.25, 1, 7.25],
			"rotation": {"angle": 0, "axis": "y", "origin": [6.75, 0, 7.5]},
			"faces": {
				"north": {"uv": [0, 8, 1.5, 10.5], "texture": "#2"},
				"east": {"uv": [0, 0, 5.5, 2.5], "texture": "#2"},
				"south": {"uv": [8, 0, 9.5, 2.5], "texture": "#2"},
				"west": {"uv": [0, 4, 5.5, 6.5], "texture": "#2"},
				"up": {"uv": [7.5, 5.5, 6, 0], "texture": "#2"},
				"down": {"uv": [7.5, 6, 6, 11.5], "texture": "#2"}
			}
		},
		{
			"from": [8.75, -0.25, 8.75],
			"to": [11.5, 1, 9.5],
			"rotation": {"angle": 0, "axis": "y", "origin": [8.5, 0, 9]},
			"faces": {
				"north": {"uv": [0, 0, 5.5, 2.5], "texture": "#2"},
				"east": {"uv": [6, 4, 7.5, 6.5], "texture": "#2"},
				"south": {"uv": [0, 4, 5.5, 6.5], "texture": "#2"},
				"west": {"uv": [0, 8, 1.5, 10.5], "texture": "#2"},
				"up": {"uv": [11.5, 1.5, 6, 0], "texture": "#2"},
				"down": {"uv": [11.5, 2, 6, 3.5], "texture": "#2"}
			}
		},
		{
			"from": [8.75, -0.25, 9.5],
			"to": [10.75, 1, 10.75],
			"rotation": {"angle": 0, "axis": "y", "origin": [8.5, 0, 9.75]},
			"faces": {
				"north": {"uv": [0, 0, 4, 2.5], "texture": "#2"},
				"east": {"uv": [0, 8, 2.5, 10.5], "texture": "#2"},
				"south": {"uv": [0, 4, 4, 6.5], "texture": "#2"},
				"west": {"uv": [8, 0, 10.5, 2.5], "texture": "#2"},
				"up": {"uv": [8, 2.5, 4, 0], "texture": "#2"},
				"down": {"uv": [8, 4, 4, 6.5], "texture": "#2"}
			}
		},
		{
			"from": [7.75, 0, 5],
			"to": [8.25, 0.75, 7],
			"rotation": {"angle": 0, "axis": "y", "origin": [7.25, 0, 5]},
			"faces": {
				"north": {"uv": [0.25, 0.25, 0.75, 0.75], "texture": "#9"},
				"east": {"uv": [1.25, 0.25, 1.75, 0.75], "texture": "#9"},
				"south": {"uv": [2.25, 0.25, 2.75, 0.75], "texture": "#9"},
				"west": {"uv": [3.25, 0.25, 3.75, 0.75], "texture": "#9"},
				"up": {"uv": [4.25, 0.25, 4.75, 0.75], "texture": "#9"},
				"down": {"uv": [5.25, 0.25, 5.75, 0.75], "texture": "#9"}
			}
		},
		{
			"from": [7.75, 0, 9],
			"to": [8.25, 0.75, 11],
			"rotation": {"angle": 0, "axis": "y", "origin": [7, 0, 9]},
			"faces": {
				"north": {"uv": [0.25, 0.25, 0.75, 0.75], "texture": "#7"},
				"east": {"uv": [1.25, 0.25, 1.75, 0.75], "texture": "#7"},
				"south": {"uv": [2.25, 0.25, 2.75, 0.75], "texture": "#7"},
				"west": {"uv": [3.25, 0.25, 3.75, 0.75], "texture": "#7"},
				"up": {"uv": [4.25, 0.25, 4.75, 0.75], "texture": "#7"},
				"down": {"uv": [5.25, 0.25, 5.75, 0.75], "texture": "#7"}
			}
		},
		{
			"from": [9, 0, 7.75],
			"to": [11, 0.75, 8.25],
			"rotation": {"angle": 0, "axis": "y", "origin": [9, 0, 7]},
			"faces": {
				"north": {"uv": [0.25, 0.25, 0.75, 0.75], "texture": "#6"},
				"east": {"uv": [1.25, 0.25, 1.75, 0.75], "texture": "#6"},
				"south": {"uv": [2.25, 0.25, 2.75, 0.75], "texture": "#6"},
				"west": {"uv": [3.25, 0.25, 3.75, 0.75], "texture": "#6"},
				"up": {"uv": [4.25, 0.25, 4.75, 0.75], "texture": "#6"},
				"down": {"uv": [5.25, 0.25, 5.75, 0.75], "texture": "#6"}
			}
		},
		{
			"from": [5, 0, 7.75],
			"to": [7, 0.75, 8.25],
			"rotation": {"angle": 0, "axis": "y", "origin": [5, 0, 7.25]},
			"faces": {
				"north": {"uv": [0.25, 0.25, 0.75, 0.75], "texture": "#8"},
				"east": {"uv": [1.25, 0.25, 1.75, 0.75], "texture": "#8"},
				"south": {"uv": [2.25, 0.25, 2.75, 0.75], "texture": "#8"},
				"west": {"uv": [3.25, 0.25, 3.75, 0.75], "texture": "#8"},
				"up": {"uv": [4.25, 0.25, 4.75, 0.75], "texture": "#8"},
				"down": {"uv": [5.25, 0.25, 5.75, 0.75], "texture": "#8"}
			}
		}
	],
	"display": {
		"thirdperson_righthand": {
			"rotation": [25.25, -88.35, 116.1],
			"translation": [0, 1.75, -6.25]
		},
		"thirdperson_lefthand": {
			"rotation": [25.25, -88.35, 116.1],
			"translation": [0, 1.75, -6.25]
		},
		"firstperson_righthand": {
			"rotation": [55.75, 0, 0],
			"translation": [-1.75, 7.5, 7.5]
		},
		"firstperson_lefthand": {
			"rotation": [55.75, 0, 0],
			"translation": [-1.75, 7.5, 7.5]
		},
		"ground": {
			"rotation": [0, 0, 90],
			"translation": [-7, 0, 0]
		},
		"gui": {
			"rotation": [-180, -90, -90],
			"scale": [2, 0, 2]
		},
		"fixed": {
			"rotation": [90, 0, 0],
			"translation": [0, 0, 8],
			"scale": [2, 1, 2]
		}
	}
}