{
  "_fv": 77,
  "_type": "recipe",
  "definition": {
    "recipeType": "Crafting",
    "recipeRetstackSize": 1,
    "group": "",
    "cookingBookCategory": "MISC",
    "xpReward": 0.0,
    "cookingTime": 200,
    "craftingBookCategory": "MISC",
    "recipeShapeless": false,
    "recipeSlots": [
      {
        "value": "Blocks.GOLD_BLOCK"
      },
      {
        "value": "Items.GOLD_INGOT"
      },
      {
        "value": "Blocks.GOLD_BLOCK"
      },
      {
        "value": "Items.GOLD_INGOT"
      },
      {
        "value": "Items.DIAMOND"
      },
      {
        "value": "Items.GOLD_INGOT"
      },
      {
        "value": "Blocks.GOLD_BLOCK"
      },
      {
        "value": "Items.GOLD_INGOT"
      },
      {
        "value": "Blocks.GOLD_BLOCK"
      }
    ],
    "recipeReturnStack": {
      "value": "CUSTOM:GauntletCore3"
    },
    "name": "golden_core_recipe",
    "namespace": "mod"
  }
}