{
  "_fv": 77,
  "_type": "dimension",
  "definition": {
    "biomesInDimension": [
      {
        "value": "savanna"
      },
      {
        "value": "plains"
      },
      {
        "value": "forest"
      }
    ],
    "worldGenType": "Nether like gen",
    "mainFillerBlock": {
      "value": "Blocks.BEDROCK"
    },
    "fluidBlock": {
      "value": "Blocks.FLOWING_LAVA"
    },
    "seaLevel": 32,
    "generateOreVeins": true,
    "generateAquifers": true,
    "horizontalNoiseSize": 1,
    "verticalNoiseSize": 2,
    "defaultEffects": "overworld",
    "useCustomEffects": true,
    "hasClouds": true,
    "cloudHeight": 192.0,
    "skyType": "NORMAL",
    "sunHeightAffectsFog": false,
    "canRespawnHere": false,
    "hasFog": false,
    "ambientLight": 0.5,
    "doesWaterVaporize": true,
    "hasFixedTime": false,
    "fixedTimeValue": 0,
    "coordinateScale": 1.0,
    "infiniburnTag": "minecraft:infiniburn_overworld",
    "bedWorks": false,
    "hasSkyLight": true,
    "imitateOverworldBehaviour": true,
    "piglinSafe": false,
    "hasRaids": true,
    "minMonsterSpawnLightLimit": 0,
    "maxMonsterSpawnLightLimit": 7,
    "monsterSpawnBlockLightLimit": 0,
    "portalFrame": {
      "value": "Blocks.SANDSTONE#0"
    },
    "portalParticles": {
      "value": "LAVA"
    },
    "portalLuminance": 0,
    "portalSound": {
      "value": "block.portal.ambient"
    },
    "enableIgniter": true,
    "igniterName": "Romeo's Portal Key",
    "igniterRarity": "EPIC",
    "specialInformation": {
      "fixedValue": []
    },
    "creativeTabs": [
      {
        "value": "TOOLS"
      },
      {
        "value": "CUSTOM:MinecraftRewindTab"
      }
    ],
    "texture": "igniter",
    "portalTexture": "portal_1",
    "enablePortal": true
  }
}