{
	"textures": {
		"0": "texture_1_glit",
		"1": "texture_2_glit",
		"2": "texture_3_glit",
		"particle": "texture_1_glit"
	},
	"elements": [
		{
			"from": [5.5, 3, 8.5],
			"to": [10.5, 8, 10.5],
			"rotation": {"angle": 0, "axis": "y", "origin": [7, 6, 7.5]},
			"faces": {
				"north": {"uv": [0, 0, 5, 5], "texture": "#2"},
				"east": {"uv": [5, 0, 7, 5], "texture": "#2"},
				"south": {"uv": [0, 5, 5, 10], "texture": "#2"},
				"west": {"uv": [5, 5, 7, 10], "texture": "#2"},
				"up": {"uv": [12, 2, 7, 0], "texture": "#2"},
				"down": {"uv": [12, 2, 7, 4], "texture": "#2"}
			}
		},
		{
			"from": [6, 3.5, 7.5],
			"to": [10, 7.5, 8.5],
			"rotation": {"angle": 0, "axis": "y", "origin": [7.5, 5.5, 8.5]},
			"faces": {
				"north": {"uv": [0, 0, 4, 4], "texture": "#1"},
				"east": {"uv": [4, 0, 5, 4], "texture": "#1"},
				"south": {"uv": [0, 4, 4, 8], "texture": "#1"},
				"west": {"uv": [4, 4, 5, 8], "texture": "#1"},
				"up": {"uv": [9, 1, 5, 0], "texture": "#1"},
				"down": {"uv": [9, 1, 5, 2], "texture": "#1"}
			}
		},
		{
			"from": [5.5, 3, 3.5],
			"to": [10.5, 8, 7.5],
			"rotation": {"angle": 0, "axis": "y", "origin": [7, 6, 7.5]},
			"faces": {
				"north": {"uv": [0, 0, 5, 5], "texture": "#0"},
				"east": {"uv": [5, 0, 9, 5], "texture": "#0"},
				"south": {"uv": [0, 5, 5, 10], "texture": "#0"},
				"west": {"uv": [5, 5, 9, 10], "texture": "#0"},
				"up": {"uv": [14, 4, 9, 0], "texture": "#0"},
				"down": {"uv": [14, 4, 9, 8], "texture": "#0"}
			}
		}
	],
	"display": {
		"thirdperson_righthand": {
			"translation": [0, 0.75, 0],
			"scale": [1.175, 1.175, 1]
		},
		"thirdperson_lefthand": {
			"translation": [0, 0.75, 0],
			"scale": [1.175, 1.175, 1]
		},
		"firstperson_righthand": {
			"rotation": [34, 0, 0],
			"translation": [0, 1.75, 0]
		},
		"firstperson_lefthand": {
			"rotation": [34, 0, 0],
			"translation": [0, 1.75, 0]
		},
		"ground": {
			"rotation": [90, 0, 0],
			"translation": [0, 0, 2]
		},
		"gui": {
			"rotation": [90, 0, 0],
			"translation": [0, -1.5, 0],
			"scale": [2, 1, 2]
		},
		"fixed": {
			"rotation": [90, 0, 0],
			"translation": [0, -1.5, 0],
			"scale": [2.25, 1, 2.25]
		}
	}
}