{
  "elements": [
    {
      "from": [
        7,
        0,
        7
      ],
      "to": [
        12,
        0.25,
        10.5
      ],
      "rotation": {
        "angle": 0,
        "axis": "y",
        "origin": [
          7.25,
          0,
          7
        ]
      },
      "faces": {
        "north": {
          "uv": [
            5,
            0,
            10,
            0.5
          ],
          "texture": "#2"
        },
        "east": {
          "uv": [
            5,
            2,
            8.5,
            2.5
          ],
          "texture": "#0"
        },
        "south": {
          "uv": [
            5,
            1,
            10,
            1.5
          ],
          "texture": "#0"
        },
        "west": {
          "uv": [
            5,
            3,
            8.5,
            3.5
          ],
          "texture": "#0"
        },
        "up": {
          "uv": [
            5,
            3.5,
            0,
            0
          ],
          "texture": "#0"
        },
        "down": {
          "uv": [
            5,
            4,
            0,
            7.5
          ],
          "texture": "#0"
        }
      }
    },
    {
      "from": [
        7,
        1,
        7
      ],
      "to": [
        12,
        1.25,
        10.5
      ],
      "rotation": {
        "angle": 0,
        "axis": "y",
        "origin": [
          7.25,
          1,
          7
        ]
      },
      "faces": {
        "north": {
          "uv": [
            5,
            0,
            10,
            0.5
          ],
          "texture": "#0"
        },
        "east": {
          "uv": [
            5,
            2,
            8.5,
            2.5
          ],
          "texture": "#0"
        },
        "south": {
          "uv": [
            5,
            1,
            10,
            1.5
          ],
          "texture": "#0"
        },
        "west": {
          "uv": [
            5,
            3,
            8.5,
            3.5
          ],
          "texture": "#0"
        },
        "up": {
          "uv": [
            5,
            3.5,
            0,
            0
          ],
          "texture": "#0"
        },
        "down": {
          "uv": [
            5,
            4,
            0,
            7.5
          ],
          "texture": "#0"
        }
      }
    },
    {
      "from": [
        7,
        0,
        6.75
      ],
      "to": [
        12,
        1.25,
        7
      ],
      "rotation": {
        "angle": 0,
        "axis": "y",
        "origin": [
          7.25,
          1,
          3.5
        ]
      },
      "faces": {
        "north": {
          "uv": [
            0,
            0,
            10,
            3
          ],
          "texture": "#1"
        },
        "east": {
          "uv": [
            10,
            0,
            11,
            3
          ],
          "texture": "#1"
        },
        "south": {
          "uv": [
            0,
            4,
            10,
            7
          ],
          "texture": "#1"
        },
        "west": {
          "uv": [
            10,
            4,
            11,
            7
          ],
          "texture": "#1"
        },
        "up": {
          "uv": [
            10,
            9,
            0,
            8
          ],
          "texture": "#1"
        },
        "down": {
          "uv": [
            10,
            10,
            0,
            11
          ],
          "texture": "#1"
        }
      }
    },
    {
      "from": [
        7.25,
        0.25,
        7
      ],
      "to": [
        11.75,
        0.75,
        10.25
      ],
      "rotation": {
        "angle": 0,
        "axis": "y",
        "origin": [
          8.75,
          0.25,
          7.75
        ]
      },
      "faces": {
        "north": {
          "uv": [
            5,
            0,
            9.5,
            0.5
          ],
          "texture": "#3"
        },
        "east": {
          "uv": [
            5,
            2,
            8.5,
            2.5
          ],
          "texture": "#3"
        },
        "south": {
          "uv": [
            5,
            1,
            9.5,
            1.5
          ],
          "texture": "#3"
        },
        "west": {
          "uv": [
            5,
            3,
            8.5,
            3.5
          ],
          "texture": "#3"
        },
        "up": {
          "uv": [
            4.5,
            3.5,
            0,
            0
          ],
          "texture": "#3"
        },
        "down": {
          "uv": [
            4.5,
            4,
            0,
            7.5
          ],
          "texture": "#3"
        }
      }
    },
    {
      "from": [
        7.25,
        0.75,
        7
      ],
      "to": [
        11.75,
        1,
        10.25
      ],
      "rotation": {
        "angle": 0,
        "axis": "y",
        "origin": [
          8.75,
          0.75,
          7.75
        ]
      },
      "faces": {
        "north": {
          "uv": [
            5,
            0,
            9.5,
            0.5
          ],
          "texture": "#4"
        },
        "east": {
          "uv": [
            5,
            2,
            8.5,
            2.5
          ],
          "texture": "#4"
        },
        "south": {
          "uv": [
            5,
            1,
            9.5,
            1.5
          ],
          "texture": "#4"
        },
        "west": {
          "uv": [
            5,
            3,
            8.5,
            3.5
          ],
          "texture": "#4"
        },
        "up": {
          "uv": [
            4.5,
            3.5,
            0,
            0
          ],
          "texture": "#4"
        },
        "down": {
          "uv": [
            4.5,
            4,
            0,
            7.5
          ],
          "texture": "#4"
        }
      }
    }
  ],
  "display": {
    "thirdperson_righthand": {
      "rotation": [
        1.3,
        -0.25,
        90
      ],
      "translation": [
        -7.25,
        -1.5,
        0
      ],
      "scale": [
        1.5,
        1,
        1.5
      ]
    },
    "thirdperson_lefthand": {
      "rotation": [
        1.3,
        -0.25,
        90
      ],
      "translation": [
        -7.25,
        1.5,
        0
      ],
      "scale": [
        1.5,
        1,
        1.5
      ]
    },
    "firstperson_righthand": {
      "rotation": [
        0,
        0,
        70
      ],
      "translation": [
        -8.75,
        3.75,
        0
      ],
      "scale": [
        1.5,
        1,
        1.5
      ]
    },
    "firstperson_lefthand": {
      "rotation": [
        0,
        0,
        70
      ],
      "translation": [
        -7.75,
        8.75,
        0
      ],
      "scale": [
        1.5,
        1,
        1.5
      ]
    },
    "ground": {
      "translation": [
        -1.5,
        6,
        0
      ],
      "scale": [
        1.5,
        1,
        1.5
      ]
    },
    "gui": {
      "rotation": [
        27.98,
        43.2,
        70.06
      ],
      "translation": [
        -7,
        -3,
        0
      ],
      "scale": [
        2.5,
        1,
        2.5
      ]
    },
    "fixed": {
      "rotation": [
        0,
        -90,
        90
      ],
      "translation": [
        2,
        -2,
        -9
      ],
      "scale": [
        2,
        1.25,
        2
      ]
    }
  }
}