{
  "_fv": 77,
  "_type": "recipe",
  "definition": {
    "recipeType": "Crafting",
    "recipeRetstackSize": 1,
    "group": "",
    "cookingBookCategory": "MISC",
    "xpReward": 0.0,
    "cookingTime": 200,
    "craftingBookCategory": "MISC",
    "recipeShapeless": false,
    "recipeSlots": [
      {
        "value": "Blocks.REDSTONE_LAMP"
      },
      {
        "value": "Blocks.REDSTONE_LAMP"
      },
      {
        "value": "Blocks.REDSTONE_LAMP"
      },
      {
        "value": "Blocks.REDSTONE_BLOCK"
      },
      {
        "value": "CUSTOM:GauntletCore2"
      },
      {
        "value": "Blocks.REDSTONE_BLOCK"
      },
      {
        "value": "Blocks.REDSTONE_BLOCK"
      },
      {
        "value": ""
      },
      {
        "value": "Blocks.REDSTONE_BLOCK"
      }
    ],
    "recipeReturnStack": {
      "value": "CUSTOM:Gauntlet2Champion"
    },
    "name": "romeo_gauntlet_recipe",
    "namespace": "mod"
  }
}