{
  "_fv": 77,
  "_type": "recipe",
  "definition": {
    "recipeType": "Crafting",
    "recipeRetstackSize": 1,
    "group": "",
    "cookingBookCategory": "MISC",
    "xpReward": 0.0,
    "cookingTime": 200,
    "craftingBookCategory": "MISC",
    "recipeShapeless": false,
    "recipeSlots": [
      {
        "value": "Blocks.WOOL#2"
      },
      {
        "value": "Blocks.AMETHYST_BLOCK"
      },
      {
        "value": "Blocks.WOOL#2"
      },
      {
        "value": "Blocks.AMETHYST_BLOCK"
      },
      {
        "value": "Items.DIAMOND"
      },
      {
        "value": "Blocks.AMETHYST_BLOCK"
      },
      {
        "value": "Blocks.WOOL#2"
      },
      {
        "value": "Blocks.AMETHYST_BLOCK"
      },
      {
        "value": "Blocks.WOOL#2"
      }
    ],
    "recipeReturnStack": {
      "value": "CUSTOM:GauntletCore5"
    },
    "name": "warrior_core_recipe",
    "namespace": "mod"
  }
}