{
  "type": "minecraft:crafting_shaped",
  "category": "misc",
  "pattern": [
    "abc",
    "def",
    "g g"
  ],
  "key": {
    "a": "minecraft_rewind:gauntlet_core_2",
    "b": "minecraft_rewind:gauntlet_core",
    "c": "minecraft_rewind:gauntlet_core_5",
    "d": "minecraft_rewind:gauntlet_core_3",
    "e": "minecraft_rewind:gauntlet_core_4",
    "f": "minecraft_rewind:gauntlet_core_6",
    "g": "minecraft:netherite_block"
  },
  "result": {
    "id": "minecraft_rewind:gauntlet_4_corrupted",
    "count": 1
  }
}