{
  "_fv": 77,
  "_type": "recipe",
  "definition": {
    "recipeType": "Crafting",
    "recipeRetstackSize": 1,
    "group": "",
    "cookingBookCategory": "MISC",
    "xpReward": 0.0,
    "cookingTime": 200,
    "craftingBookCategory": "MISC",
    "recipeShapeless": false,
    "recipeSlots": [
      {
        "value": "Blocks.CUT_COPPER"
      },
      {
        "value": "Items.RAW_GOLD"
      },
      {
        "value": "Blocks.COPPER_BLOCK"
      },
      {
        "value": "Items.RAW_GOLD"
      },
      {
        "value": "Items.DIAMOND"
      },
      {
        "value": "Items.RAW_COPPER"
      },
      {
        "value": "Blocks.COPPER_BLOCK"
      },
      {
        "value": "Items.RAW_COPPER"
      },
      {
        "value": "Blocks.COPPER_BLOCK"
      }
    ],
    "recipeReturnStack": {
      "value": "CUSTOM:GauntletCore7"
    },
    "name": "copper_core",
    "namespace": "mod"
  }
}