{
  "_fv": 77,
  "_type": "recipe",
  "definition": {
    "recipeType": "Crafting",
    "recipeRetstackSize": 1,
    "group": "",
    "cookingBookCategory": "MISC",
    "xpReward": 0.0,
    "cookingTime": 200,
    "craftingBookCategory": "MISC",
    "recipeShapeless": false,
    "recipeSlots": [
      {
        "value": "Blocks.SEA_LANTERN"
      },
      {
        "value": "Blocks.SEA_LANTERN"
      },
      {
        "value": "Blocks.SEA_LANTERN"
      },
      {
        "value": "Blocks.PRISMARINE#0"
      },
      {
        "value": "CUSTOM:GauntletCore"
      },
      {
        "value": "Blocks.PRISMARINE#0"
      },
      {
        "value": "Blocks.PRISMARINE#0"
      },
      {
        "value": ""
      },
      {
        "value": "Blocks.PRISMARINE#0"
      }
    ],
    "recipeReturnStack": {
      "value": "CUSTOM:Gauntlet1Prismarine"
    },
    "name": "pris_gauntlet_recipe",
    "namespace": "mod"
  }
}