{
  "texture_size": [
    8,
    8
  ],
  "elements": [
    {
      "from": [
        7,
        6,
        3
      ],
      "to": [
        9,
        8,
        5
      ],
      "rotation": {
        "angle": 0,
        "axis": "y",
        "origin": [
          8,
          6,
          4
        ]
      },
      "faces": {
        "north": {
          "uv": [
            4,
            4,
            8,
            8
          ],
          "texture": "#5"
        },
        "east": {
          "uv": [
            0,
            4,
            4,
            8
          ],
          "texture": "#5"
        },
        "south": {
          "uv": [
            12,
            4,
            16,
            8
          ],
          "texture": "#5"
        },
        "west": {
          "uv": [
            8,
            4,
            12,
            8
          ],
          "texture": "#5"
        },
        "up": {
          "uv": [
            8,
            4,
            4,
            0
          ],
          "texture": "#5"
        },
        "down": {
          "uv": [
            12,
            0,
            8,
            4
          ],
          "texture": "#5"
        }
      }
    },
    {
      "from": [
        7.025,
        3.5,
        2.5
      ],
      "to": [
        8.975,
        6,
        4.6
      ],
      "rotation": {
        "angle": 22.5,
        "axis": "x",
        "origin": [
          8,
          4.75,
          3.6
        ]
      },
      "faces": {
        "north": {
          "uv": [
            4,
            4,
            6,
            8
          ],
          "texture": "#6"
        },
        "east": {
          "uv": [
            0,
            4,
            4,
            8
          ],
          "texture": "#6"
        },
        "south": {
          "uv": [
            10,
            4,
            12,
            8
          ],
          "texture": "#6"
        },
        "west": {
          "uv": [
            6,
            4,
            10,
            8
          ],
          "texture": "#6"
        },
        "up": {
          "uv": [
            6,
            4,
            4,
            0
          ],
          "texture": "#6"
        },
        "down": {
          "uv": [
            8,
            0,
            6,
            4
          ],
          "texture": "#6"
        }
      }
    },
    {
      "from": [
        7.05,
        5.3,
        3.725
      ],
      "to": [
        8.95,
        6.3,
        4.925
      ],
      "rotation": {
        "angle": 22.5,
        "axis": "x",
        "origin": [
          8,
          5.8,
          4.375
        ]
      },
      "faces": {
        "north": {
          "uv": [
            10,
            14,
            12,
            16
          ],
          "texture": "#7"
        },
        "east": {
          "uv": [
            8,
            14,
            10,
            16
          ],
          "texture": "#7"
        },
        "south": {
          "uv": [
            14,
            14,
            16,
            16
          ],
          "texture": "#7"
        },
        "west": {
          "uv": [
            12,
            14,
            14,
            16
          ],
          "texture": "#7"
        },
        "up": {
          "uv": [
            12,
            14,
            10,
            12
          ],
          "texture": "#7"
        },
        "down": {
          "uv": [
            14,
            12,
            12,
            14
          ],
          "texture": "#7"
        }
      }
    },
    {
      "from": [
        7,
        6,
        5
      ],
      "to": [
        9,
        8,
        7.25
      ],
      "rotation": {
        "angle": 0,
        "axis": "y",
        "origin": [
          7,
          6,
          5
        ]
      },
      "faces": {
        "north": {
          "uv": [
            4,
            4,
            8,
            8
          ],
          "texture": "#2"
        },
        "east": {
          "uv": [
            0,
            4,
            4,
            8
          ],
          "texture": "#2"
        },
        "south": {
          "uv": [
            12,
            4,
            16,
            8
          ],
          "texture": "#2"
        },
        "west": {
          "uv": [
            8,
            4,
            12,
            8
          ],
          "texture": "#2"
        },
        "up": {
          "uv": [
            8,
            4,
            4,
            0
          ],
          "texture": "#2"
        },
        "down": {
          "uv": [
            12,
            0,
            8,
            4
          ],
          "texture": "#2"
        }
      }
    },
    {
      "from": [
        7.25,
        5.5,
        4.75
      ],
      "to": [
        8.85,
        6.8,
        6.05
      ],
      "rotation": {
        "angle": 22.5,
        "axis": "x",
        "origin": [
          7.25,
          5.5,
          4.75
        ]
      },
      "faces": {
        "north": {
          "uv": [
            8,
            6,
            10,
            8
          ],
          "texture": "#4"
        },
        "east": {
          "uv": [
            6,
            6,
            8,
            8
          ],
          "texture": "#4"
        },
        "south": {
          "uv": [
            12,
            6,
            14,
            8
          ],
          "texture": "#4"
        },
        "west": {
          "uv": [
            10,
            6,
            12,
            8
          ],
          "texture": "#4"
        },
        "up": {
          "uv": [
            10,
            6,
            8,
            4
          ],
          "texture": "#4"
        },
        "down": {
          "uv": [
            12,
            4,
            10,
            6
          ],
          "texture": "#4"
        }
      }
    },
    {
      "from": [
        7,
        6,
        7.25
      ],
      "to": [
        9,
        8,
        9.65
      ],
      "rotation": {
        "angle": 0,
        "axis": "y",
        "origin": [
          7,
          6,
          7.25
        ]
      },
      "faces": {
        "north": {
          "uv": [
            4,
            4,
            8,
            8
          ],
          "texture": "#1"
        },
        "east": {
          "uv": [
            0,
            4,
            4,
            8
          ],
          "texture": "#1"
        },
        "south": {
          "uv": [
            12,
            4,
            16,
            8
          ],
          "texture": "#1"
        },
        "west": {
          "uv": [
            8,
            4,
            12,
            8
          ],
          "texture": "#1"
        },
        "up": {
          "uv": [
            8,
            4,
            4,
            0
          ],
          "texture": "#1"
        },
        "down": {
          "uv": [
            12,
            0,
            8,
            4
          ],
          "texture": "#1"
        }
      }
    },
    {
      "from": [
        7.5,
        8,
        3
      ],
      "to": [
        8.5,
        9,
        5.4
      ],
      "rotation": {
        "angle": 0,
        "axis": "y",
        "origin": [
          7.25,
          6.5,
          3
        ]
      },
      "faces": {
        "north": {
          "uv": [
            4,
            12,
            6,
            14
          ],
          "texture": "#8"
        },
        "east": {
          "uv": [
            0,
            12,
            4,
            14
          ],
          "texture": "#8"
        },
        "south": {
          "uv": [
            10,
            12,
            12,
            14
          ],
          "texture": "#8"
        },
        "west": {
          "uv": [
            6,
            12,
            10,
            14
          ],
          "texture": "#8"
        },
        "up": {
          "uv": [
            6,
            12,
            4,
            8
          ],
          "texture": "#8"
        },
        "down": {
          "uv": [
            8,
            8,
            6,
            12
          ],
          "texture": "#8"
        }
      }
    },
    {
      "from": [
        7.5,
        6.5,
        8.75
      ],
      "to": [
        8.5,
        7.5,
        9.9
      ],
      "rotation": {
        "angle": 0,
        "axis": "y",
        "origin": [
          7.25,
          6.25,
          7.5
        ]
      },
      "faces": {
        "north": {
          "uv": [
            2,
            2,
            4,
            4
          ],
          "texture": "#3"
        },
        "east": {
          "uv": [
            0,
            2,
            2,
            4
          ],
          "texture": "#3"
        },
        "south": {
          "uv": [
            6,
            2,
            8,
            4
          ],
          "texture": "#3"
        },
        "west": {
          "uv": [
            4,
            2,
            6,
            4
          ],
          "texture": "#3"
        },
        "up": {
          "uv": [
            4,
            2,
            2,
            0
          ],
          "texture": "#3"
        },
        "down": {
          "uv": [
            6,
            0,
            4,
            2
          ],
          "texture": "#3"
        }
      }
    }
  ],
  "display": {
    "thirdperson_righthand": {
      "rotation": [
        0,
        180,
        0
      ],
      "translation": [
        0,
        3.25,
        -3.5
      ],
      "scale": [
        1.5,
        1.5,
        1.25
      ]
    },
    "thirdperson_lefthand": {
      "rotation": [
        0,
        180,
        0
      ],
      "translation": [
        0,
        3.25,
        -3.5
      ],
      "scale": [
        1.5,
        1.5,
        1.25
      ]
    },
    "firstperson_righthand": {
      "rotation": [
        0,
        180,
        0
      ],
      "translation": [
        -2.5,
        5.5,
        0
      ]
    },
    "firstperson_lefthand": {
      "rotation": [
        0,
        180,
        0
      ],
      "translation": [
        -2.5,
        5.5,
        0
      ]
    },
    "ground": {
      "translation": [
        0,
        2.5,
        2.5
      ],
      "scale": [
        1.5,
        1.5,
        1.25
      ]
    },
    "gui": {
      "rotation": [
        -17.38,
        -42.18,
        -25.01
      ],
      "translation": [
        -2,
        6,
        0
      ],
      "scale": [
        2.5,
        2.5,
        2.5
      ]
    },
    "fixed": {
      "rotation": [
        0,
        90,
        0
      ],
      "translation": [
        4,
        4.5,
        0
      ],
      "scale": [
        2.5,
        2.5,
        2.25
      ]
    }
  }
}